compañia,fuente_encuesta,columna_origen_salario,salario_diario
COMPAÑIA 1,JUL-AGO_2024,Capacitación,40.0
COMPAÑIA 1,MAR-ABR_2025,Tope salarial,278.8
COMPAÑIA 1,SEP-OCT_2024,Capacitación,40.0
COMPAÑIA 1,SEP-OCT_2024,Tope salarial,274.23
COMPAÑIA 1,JUL-AGO_2025,Sin Supervisión,278.8
COMPAÑIA 1,NOV-DIC_2024,Capacitación,40.0
COMPAÑIA 1,JUL-AGO_2025,Capacitación,41.0
COMPAÑIA 1,NOV-DIC_2024,Sin Supervisión,248.93
COMPAÑIA 1,ENE-FEB_2025,Tope salarial,278.8
COMPAÑIA 1,MAY-JUN_2025,Sin Supervisión,278.8
COMPAÑIA 1,ENE-FEB_2025,Capacitación,41.0
COMPAÑIA 1,ENE-FEB_2025,Sin Supervisión,278.8
COMPAÑIA 1,MAY-JUN_2025,Tope salarial,278.8
COMPAÑIA 1,MAY-JUN_2025,Capacitación,41.0
COMPAÑIA 1,NOV-DIC_2024,Tope salarial,274.23
COMPAÑIA 1,MAR-ABR_2025,Sin Supervisión,278.8
COMPAÑIA 1,SEP-OCT_2024,Sin Supervisión,248.93
COMPAÑIA 1,MAR-ABR_2025,Capacitación,41.0
COMPAÑIA 1,JUL-AGO_2024,Tope salarial,274.23
COMPAÑIA 1,JUL-AGO_2024,Sin Supervisión,248.93
COMPAÑIA 1,JUL-AGO_2025,Tope salarial,278.8
COMPAÑIA 10,JUL-AGO_2024,Tope salarial,288.0
COMPAÑIA 10,JUL-AGO_2024,Capacitación,40.0
COMPAÑIA 10,NOV-DIC_2024,Tope salarial,288.0
COMPAÑIA 10,ENE-FEB_2025,Capacitación,40.0
COMPAÑIA 10,SEP-OCT_2024,Capacitación,40.0
COMPAÑIA 10,MAY-JUN_2025,Sin Supervisión,288.0
COMPAÑIA 10,MAY-JUN_2025,Tope salarial,288.0
COMPAÑIA 10,NOV-DIC_2024,Capacitación,40.0
COMPAÑIA 10,SEP-OCT_2024,Tope salarial,288.0
COMPAÑIA 10,ENE-FEB_2025,Tope salarial,288.0
COMPAÑIA 10,JUL-AGO_2025,Sin Supervisión,288.0
COMPAÑIA 10,JUL-AGO_2024,Sin Supervisión,271.43
COMPAÑIA 10,MAR-ABR_2025,Sin Supervisión,288.0
COMPAÑIA 10,JUL-AGO_2025,Tope salarial,288.0
COMPAÑIA 10,MAR-ABR_2025,Capacitación,40.0
COMPAÑIA 10,ENE-FEB_2025,Sin Supervisión,288.0
COMPAÑIA 10,NOV-DIC_2024,Sin Supervisión,288.0
COMPAÑIA 10,MAY-JUN_2025,Capacitación,40.0
COMPAÑIA 10,MAR-ABR_2025,Tope salarial,288.0
COMPAÑIA 10,SEP-OCT_2024,Sin Supervisión,271.43
COMPAÑIA 10,JUL-AGO_2025,Capacitación,40.0
COMPAÑIA 11,MAY-JUN_2025,Tope salarial,348.0
COMPAÑIA 11,SEP-OCT_2024,Tope salarial,311.0
COMPAÑIA 11,JUL-AGO_2025,Tope salarial,348.0
COMPAÑIA 11,MAY-JUN_2025,Capacitación,20.0
COMPAÑIA 11,JUL-AGO_2025,Capacitación,20.0
COMPAÑIA 11,MAR-ABR_2025,Sin Supervisión,278.8
COMPAÑIA 11,NOV-DIC_2024,Tope salarial,348.0
COMPAÑIA 11,SEP-OCT_2024,Capacitación,20.0
COMPAÑIA 11,JUL-AGO_2024,Tope salarial,311.0
COMPAÑIA 11,NOV-DIC_2024,Sin Supervisión,278.8
COMPAÑIA 11,SEP-OCT_2024,Sin Supervisión,258.0
COMPAÑIA 11,MAR-ABR_2025,Tope salarial,348.0
COMPAÑIA 11,MAR-ABR_2025,Capacitación,20.0
COMPAÑIA 11,NOV-DIC_2024,Capacitación,20.0
COMPAÑIA 11,MAY-JUN_2025,Sin Supervisión,278.8
COMPAÑIA 11,ENE-FEB_2025,Capacitación,20.0
COMPAÑIA 11,JUL-AGO_2025,Sin Supervisión,278.8
COMPAÑIA 11,JUL-AGO_2024,Sin Supervisión,258.0
COMPAÑIA 11,ENE-FEB_2025,Tope salarial,348.0
COMPAÑIA 11,ENE-FEB_2025,Sin Supervisión,278.8
COMPAÑIA 11,JUL-AGO_2024,Capacitación,20.0
COMPAÑIA 12,ENE-FEB_2025,Tope salarial,300.0
COMPAÑIA 12,JUL-AGO_2024,Capacitación,10.0
COMPAÑIA 12,JUL-AGO_2025,Tope salarial,336.0
COMPAÑIA 12,NOV-DIC_2024,Sin Supervisión,280.0
COMPAÑIA 12,MAY-JUN_2025,Capacitación,10.0
COMPAÑIA 12,NOV-DIC_2024,Capacitación,10.0
COMPAÑIA 12,JUL-AGO_2024,Sin Supervisión,250.0
COMPAÑIA 12,MAY-JUN_2025,Tope salarial,336.0
COMPAÑIA 12,JUL-AGO_2025,Capacitación,10.0
COMPAÑIA 12,JUL-AGO_2024,Tope salarial,270.43
COMPAÑIA 12,MAR-ABR_2025,Sin Supervisión,280.0
COMPAÑIA 12,MAY-JUN_2025,Sin Supervisión,300.0
COMPAÑIA 12,SEP-OCT_2024,Tope salarial,270.43
COMPAÑIA 12,MAR-ABR_2025,Tope salarial,300.0
COMPAÑIA 12,MAR-ABR_2025,Capacitación,10.0
COMPAÑIA 12,NOV-DIC_2024,Tope salarial,300.0
COMPAÑIA 12,ENE-FEB_2025,Capacitación,10.0
COMPAÑIA 12,SEP-OCT_2024,Capacitación,10.0
COMPAÑIA 12,SEP-OCT_2024,Sin Supervisión,250.0
COMPAÑIA 12,ENE-FEB_2025,Sin Supervisión,280.0
COMPAÑIA 12,JUL-AGO_2025,Sin Supervisión,300.0
COMPAÑIA 13,MAR-ABR_2025,Capacitación,70.0
COMPAÑIA 13,MAY-JUN_2025,Tope salarial,445.36
COMPAÑIA 13,MAR-ABR_2025,Sin Supervisión,356.18
COMPAÑIA 13,NOV-DIC_2024,Tope salarial,391.79
COMPAÑIA 13,JUL-AGO_2024,Sin Supervisión,356.18
COMPAÑIA 13,MAY-JUN_2025,Capacitación,70.0
COMPAÑIA 13,JUL-AGO_2024,Tope salarial,391.79
COMPAÑIA 13,ENE-FEB_2025,Capacitación,70.0
COMPAÑIA 13,ENE-FEB_2025,Sin Supervisión,356.18
COMPAÑIA 13,MAY-JUN_2025,Sin Supervisión,371.14
COMPAÑIA 13,JUL-AGO_2024,Capacitación,70.0
COMPAÑIA 13,JUL-AGO_2025,Tope salarial,445.36
COMPAÑIA 13,SEP-OCT_2024,Tope salarial,391.79
COMPAÑIA 13,SEP-OCT_2024,Capacitación,70.0
COMPAÑIA 13,JUL-AGO_2025,Capacitación,70.0
COMPAÑIA 13,ENE-FEB_2025,Tope salarial,391.79
COMPAÑIA 13,NOV-DIC_2024,Capacitación,70.0
COMPAÑIA 13,JUL-AGO_2025,Sin Supervisión,371.14
COMPAÑIA 13,SEP-OCT_2024,Sin Supervisión,356.18
COMPAÑIA 13,MAR-ABR_2025,Tope salarial,391.79
COMPAÑIA 13,NOV-DIC_2024,Sin Supervisión,356.18
COMPAÑIA 14,JUL-AGO_2025,Sin Supervisión,294.0
COMPAÑIA 14,SEP-OCT_2024,Sin Supervisión,277.0
COMPAÑIA 14,SEP-OCT_2024,Capacitación,5.0
COMPAÑIA 14,NOV-DIC_2024,Tope salarial,350.0
COMPAÑIA 14,MAY-JUN_2025,Sin Supervisión,294.0
COMPAÑIA 14,JUL-AGO_2024,Capacitación,5.0
COMPAÑIA 14,JUL-AGO_2024,Tope salarial,324.0
COMPAÑIA 14,JUL-AGO_2025,Capacitación,18.0
COMPAÑIA 14,MAR-ABR_2025,Tope salarial,350.0
COMPAÑIA 14,NOV-DIC_2024,Capacitación,5.0
COMPAÑIA 14,MAR-ABR_2025,Capacitación,18.0
COMPAÑIA 14,ENE-FEB_2025,Capacitación,5.0
COMPAÑIA 14,JUL-AGO_2025,Tope salarial,343.0
COMPAÑIA 14,JUL-AGO_2024,Sin Supervisión,277.0
COMPAÑIA 14,MAR-ABR_2025,Sin Supervisión,300.0
COMPAÑIA 14,ENE-FEB_2025,Tope salarial,350.0
COMPAÑIA 14,NOV-DIC_2024,Sin Supervisión,300.0
COMPAÑIA 14,MAY-JUN_2025,Tope salarial,343.0
COMPAÑIA 14,MAY-JUN_2025,Capacitación,18.0
COMPAÑIA 14,ENE-FEB_2025,Sin Supervisión,300.0
COMPAÑIA 14,SEP-OCT_2024,Tope salarial,324.0
COMPAÑIA 15,ENE-FEB_2025,Sin Supervisión,331.53
COMPAÑIA 15,MAR-ABR_2025,Tope salarial,438.69
COMPAÑIA 15,MAY-JUN_2025,Tope salarial,438.69
COMPAÑIA 15,JUL-AGO_2024,Sin Supervisión,308.43
COMPAÑIA 15,NOV-DIC_2024,Tope salarial,347.06
COMPAÑIA 15,SEP-OCT_2024,Capacitación,518.0
COMPAÑIA 15,JUL-AGO_2025,Sin Supervisión,331.53
COMPAÑIA 15,MAY-JUN_2025,Sin Supervisión,331.53
COMPAÑIA 15,JUL-AGO_2024,Capacitación,518.0
COMPAÑIA 15,ENE-FEB_2025,Tope salarial,438.69
COMPAÑIA 15,NOV-DIC_2024,Capacitación,518.0
COMPAÑIA 15,SEP-OCT_2024,Tope salarial,347.06
COMPAÑIA 15,JUL-AGO_2024,Tope salarial,347.06
COMPAÑIA 15,NOV-DIC_2024,Sin Supervisión,308.43
COMPAÑIA 15,JUL-AGO_2025,Capacitación,518.0
COMPAÑIA 15,ENE-FEB_2025,Capacitación,518.0
COMPAÑIA 15,JUL-AGO_2025,Tope salarial,438.69
COMPAÑIA 15,SEP-OCT_2024,Sin Supervisión,308.43
COMPAÑIA 15,MAR-ABR_2025,Sin Supervisión,331.53
COMPAÑIA 15,MAR-ABR_2025,Capacitación,518.0
COMPAÑIA 15,MAY-JUN_2025,Capacitación,518.0
COMPAÑIA 16,ENE-FEB_2025,Tope salarial,341.0
COMPAÑIA 16,NOV-DIC_2024,Sin Supervisión,286.22
COMPAÑIA 16,SEP-OCT_2024,Sin Supervisión,273.82
COMPAÑIA 16,JUL-AGO_2024,Sin Supervisión,273.82
COMPAÑIA 16,MAR-ABR_2025,Tope salarial,341.0
COMPAÑIA 16,JUL-AGO_2025,Capacitación,21.0
COMPAÑIA 16,MAY-JUN_2025,Capacitación,21.0
COMPAÑIA 16,ENE-FEB_2025,Sin Supervisión,286.22
COMPAÑIA 16,NOV-DIC_2024,Tope salarial,341.0
COMPAÑIA 16,MAY-JUN_2025,Sin Supervisión,329.15
COMPAÑIA 16,SEP-OCT_2024,Tope salarial,328.9
COMPAÑIA 16,JUL-AGO_2025,Sin Supervisión,329.15
COMPAÑIA 16,JUL-AGO_2024,Capacitación,23.0
COMPAÑIA 16,SEP-OCT_2024,Capacitación,21.0
COMPAÑIA 16,JUL-AGO_2024,Tope salarial,328.9
COMPAÑIA 16,MAR-ABR_2025,Capacitación,21.0
COMPAÑIA 16,MAY-JUN_2025,Tope salarial,392.15
COMPAÑIA 16,JUL-AGO_2025,Tope salarial,392.15
COMPAÑIA 16,NOV-DIC_2024,Capacitación,21.0
COMPAÑIA 16,ENE-FEB_2025,Capacitación,21.0
COMPAÑIA 16,MAR-ABR_2025,Sin Supervisión,286.22
COMPAÑIA 17,MAR-ABR_2025,Capacitación,6.0
COMPAÑIA 17,ENE-FEB_2025,Tope salarial,385.71
COMPAÑIA 17,ENE-FEB_2025,Capacitación,6.0
COMPAÑIA 17,JUL-AGO_2024,Tope salarial,285.0
COMPAÑIA 17,NOV-DIC_2024,Capacitación,6.0
COMPAÑIA 17,MAY-JUN_2025,Capacitación,6.0
COMPAÑIA 17,JUL-AGO_2024,Capacitación,6.0
COMPAÑIA 17,MAY-JUN_2025,Sin Supervisión,285.71
COMPAÑIA 17,MAR-ABR_2025,Sin Supervisión,285.71
COMPAÑIA 17,JUL-AGO_2025,Tope salarial,385.71
COMPAÑIA 17,NOV-DIC_2024,Sin Supervisión,285.71
COMPAÑIA 17,SEP-OCT_2024,Tope salarial,285.0
COMPAÑIA 17,JUL-AGO_2025,Sin Supervisión,285.71
COMPAÑIA 17,MAR-ABR_2025,Tope salarial,385.71
COMPAÑIA 17,ENE-FEB_2025,Sin Supervisión,285.71
COMPAÑIA 17,SEP-OCT_2024,Capacitación,6.0
COMPAÑIA 17,NOV-DIC_2024,Tope salarial,385.71
COMPAÑIA 17,MAY-JUN_2025,Tope salarial,385.71
COMPAÑIA 17,SEP-OCT_2024,Sin Supervisión,258.0
COMPAÑIA 17,JUL-AGO_2024,Sin Supervisión,258.0
COMPAÑIA 17,JUL-AGO_2025,Capacitación,6.0
COMPAÑIA 18,SEP-OCT_2024,Sin Supervisión,340.75
COMPAÑIA 18,JUL-AGO_2025,Sin Supervisión,368.01
COMPAÑIA 18,JUL-AGO_2025,Capacitación,14.0
COMPAÑIA 18,JUL-AGO_2025,Tope salarial,448.03
COMPAÑIA 18,NOV-DIC_2024,Capacitación,14.0
COMPAÑIA 18,ENE-FEB_2025,Tope salarial,444.86
COMPAÑIA 18,MAR-ABR_2025,Tope salarial,444.86
COMPAÑIA 18,MAY-JUN_2025,Sin Supervisión,368.01
COMPAÑIA 18,SEP-OCT_2024,Capacitación,14.0
COMPAÑIA 18,SEP-OCT_2024,Tope salarial,444.86
COMPAÑIA 18,MAR-ABR_2025,Capacitación,14.0
COMPAÑIA 18,JUL-AGO_2024,Sin Supervisión,340.75
COMPAÑIA 18,NOV-DIC_2024,Sin Supervisión,340.75
COMPAÑIA 18,JUL-AGO_2024,Tope salarial,444.86
COMPAÑIA 18,JUL-AGO_2024,Capacitación,14.0
COMPAÑIA 18,MAY-JUN_2025,Tope salarial,448.03
COMPAÑIA 18,ENE-FEB_2025,Capacitación,14.0
COMPAÑIA 18,ENE-FEB_2025,Sin Supervisión,340.75
COMPAÑIA 18,NOV-DIC_2024,Tope salarial,444.86
COMPAÑIA 18,MAR-ABR_2025,Sin Supervisión,340.75
COMPAÑIA 18,MAY-JUN_2025,Capacitación,14.0
COMPAÑIA 19,JUL-AGO_2025,Sin Supervisión,476.0
COMPAÑIA 19,JUL-AGO_2024,Sin Supervisión,449.17
COMPAÑIA 19,SEP-OCT_2024,Tope salarial,544.47
COMPAÑIA 19,ENE-FEB_2025,Sin Supervisión,449.17
COMPAÑIA 19,JUL-AGO_2025,Capacitación,3.0
COMPAÑIA 19,MAY-JUN_2025,Tope salarial,577.0
COMPAÑIA 19,SEP-OCT_2024,Capacitación,3.0
COMPAÑIA 19,ENE-FEB_2025,Capacitación,3.0
COMPAÑIA 19,NOV-DIC_2024,Tope salarial,544.47
COMPAÑIA 19,JUL-AGO_2024,Capacitación,3.0
COMPAÑIA 19,MAR-ABR_2025,Tope salarial,544.47
COMPAÑIA 19,JUL-AGO_2025,Tope salarial,577.0
COMPAÑIA 19,MAR-ABR_2025,Sin Supervisión,449.17
COMPAÑIA 19,NOV-DIC_2024,Capacitación,3.0
COMPAÑIA 19,MAR-ABR_2025,Capacitación,3.0
COMPAÑIA 19,MAY-JUN_2025,Capacitación,3.0
COMPAÑIA 19,MAY-JUN_2025,Sin Supervisión,476.0
COMPAÑIA 19,NOV-DIC_2024,Sin Supervisión,449.17
COMPAÑIA 19,ENE-FEB_2025,Tope salarial,544.47
COMPAÑIA 19,JUL-AGO_2024,Tope salarial,544.47
COMPAÑIA 19,SEP-OCT_2024,Sin Supervisión,449.17
COMPAÑIA 2,SEP-OCT_2024,Tope salarial,432.0
COMPAÑIA 2,SEP-OCT_2024,Sin Supervisión,375.0
COMPAÑIA 2,JUL-AGO_2025,Sin Supervisión,375.0
COMPAÑIA 2,MAR-ABR_2025,Tope salarial,432.0
COMPAÑIA 2,JUL-AGO_2024,Tope salarial,432.0
COMPAÑIA 2,JUL-AGO_2024,Sin Supervisión,375.0
COMPAÑIA 2,NOV-DIC_2024,Tope salarial,432.0
COMPAÑIA 2,MAY-JUN_2025,Tope salarial,432.0
COMPAÑIA 2,MAY-JUN_2025,Sin Supervisión,375.0
COMPAÑIA 2,ENE-FEB_2025,Sin Supervisión,375.0
COMPAÑIA 2,JUL-AGO_2025,Tope salarial,432.0
COMPAÑIA 2,NOV-DIC_2024,Sin Supervisión,375.0
COMPAÑIA 2,ENE-FEB_2025,Tope salarial,432.0
COMPAÑIA 2,MAR-ABR_2025,Sin Supervisión,375.0
COMPAÑIA 20,JUL-AGO_2024,Capacitación,21.0
COMPAÑIA 20,JUL-AGO_2024,Sin Supervisión,287.01
COMPAÑIA 20,JUL-AGO_2025,Sin Supervisión,330.0
COMPAÑIA 20,ENE-FEB_2025,Tope salarial,278.59
COMPAÑIA 20,JUL-AGO_2024,Tope salarial,368.6
COMPAÑIA 20,SEP-OCT_2024,Sin Supervisión,250.0
COMPAÑIA 20,ENE-FEB_2025,Capacitación,17.0
COMPAÑIA 20,MAY-JUN_2025,Capacitación,17.0
COMPAÑIA 20,JUL-AGO_2025,Tope salarial,380.0
COMPAÑIA 20,NOV-DIC_2024,Sin Supervisión,250.0
COMPAÑIA 20,MAY-JUN_2025,Tope salarial,380.0
COMPAÑIA 20,ENE-FEB_2025,Sin Supervisión,250.0
COMPAÑIA 20,MAR-ABR_2025,Sin Supervisión,250.0
COMPAÑIA 20,SEP-OCT_2024,Tope salarial,278.59
COMPAÑIA 20,MAY-JUN_2025,Sin Supervisión,330.0
COMPAÑIA 20,MAR-ABR_2025,Tope salarial,278.59
COMPAÑIA 20,JUL-AGO_2025,Capacitación,17.0
COMPAÑIA 20,SEP-OCT_2024,Capacitación,17.0
COMPAÑIA 20,MAR-ABR_2025,Capacitación,17.0
COMPAÑIA 20,NOV-DIC_2024,Capacitación,17.0
COMPAÑIA 20,NOV-DIC_2024,Tope salarial,278.59
COMPAÑIA 21,ENE-FEB_2025,Sin Supervisión,325.0
COMPAÑIA 21,NOV-DIC_2024,Sin Supervisión,325.0
COMPAÑIA 21,MAR-ABR_2025,Sin Supervisión,325.0
COMPAÑIA 21,ENE-FEB_2025,Tope salarial,411.78
COMPAÑIA 21,SEP-OCT_2024,Tope salarial,356.47
COMPAÑIA 21,SEP-OCT_2024,Sin Supervisión,301.0
COMPAÑIA 21,JUL-AGO_2025,Sin Supervisión,350.0
COMPAÑIA 21,NOV-DIC_2024,Tope salarial,411.78
COMPAÑIA 21,MAY-JUN_2025,Sin Supervisión,350.0
COMPAÑIA 21,JUL-AGO_2024,Tope salarial,356.47
COMPAÑIA 21,MAR-ABR_2025,Tope salarial,411.78
COMPAÑIA 21,JUL-AGO_2024,Capacitación,3.0
COMPAÑIA 21,JUL-AGO_2024,Sin Supervisión,301.0
COMPAÑIA 21,JUL-AGO_2025,Tope salarial,431.0
COMPAÑIA 21,JUL-AGO_2025,Capacitación,3.0
COMPAÑIA 21,SEP-OCT_2024,Capacitación,3.0
COMPAÑIA 21,MAY-JUN_2025,Capacitación,3.0
COMPAÑIA 21,NOV-DIC_2024,Capacitación,3.0
COMPAÑIA 21,MAY-JUN_2025,Tope salarial,431.0
COMPAÑIA 21,MAR-ABR_2025,Capacitación,3.0
COMPAÑIA 21,ENE-FEB_2025,Capacitación,3.0
COMPAÑIA 22,SEP-OCT_2024,Capacitación,100.0
COMPAÑIA 22,ENE-FEB_2025,Capacitación,100.0
COMPAÑIA 22,SEP-OCT_2024,Tope salarial,416.64
COMPAÑIA 22,MAY-JUN_2025,Sin Supervisión,370.1
COMPAÑIA 22,NOV-DIC_2024,Capacitación,100.0
COMPAÑIA 22,MAR-ABR_2025,Sin Supervisión,345.89
COMPAÑIA 22,JUL-AGO_2025,Capacitación,100.0
COMPAÑIA 22,MAR-ABR_2025,Tope salarial,416.64
COMPAÑIA 22,JUL-AGO_2025,Tope salarial,445.8
COMPAÑIA 22,MAY-JUN_2025,Tope salarial,445.8
COMPAÑIA 22,SEP-OCT_2024,Sin Supervisión,345.89
COMPAÑIA 22,JUL-AGO_2024,Capacitación,100.0
COMPAÑIA 22,JUL-AGO_2024,Tope salarial,416.64
COMPAÑIA 22,NOV-DIC_2024,Sin Supervisión,345.89
COMPAÑIA 22,MAY-JUN_2025,Capacitación,100.0
COMPAÑIA 22,MAR-ABR_2025,Capacitación,100.0
COMPAÑIA 22,NOV-DIC_2024,Tope salarial,416.64
COMPAÑIA 22,JUL-AGO_2025,Sin Supervisión,370.1
COMPAÑIA 22,ENE-FEB_2025,Sin Supervisión,345.89
COMPAÑIA 22,ENE-FEB_2025,Tope salarial,416.64
COMPAÑIA 22,JUL-AGO_2024,Sin Supervisión,345.89
COMPAÑIA 23,MAY-JUN_2025,Tope salarial,357.72
COMPAÑIA 23,NOV-DIC_2024,Tope salarial,321.31
COMPAÑIA 23,ENE-FEB_2025,Sin Supervisión,312.59
COMPAÑIA 23,NOV-DIC_2024,Sin Supervisión,312.59
COMPAÑIA 23,MAR-ABR_2025,Sin Supervisión,312.59
COMPAÑIA 23,MAR-ABR_2025,Tope salarial,321.31
COMPAÑIA 23,SEP-OCT_2024,Tope salarial,321.31
COMPAÑIA 23,JUL-AGO_2024,Sin Supervisión,312.59
COMPAÑIA 23,JUL-AGO_2025,Tope salarial,357.72
COMPAÑIA 23,SEP-OCT_2024,Sin Supervisión,312.59
COMPAÑIA 23,JUL-AGO_2024,Tope salarial,321.31
COMPAÑIA 23,ENE-FEB_2025,Tope salarial,321.31
COMPAÑIA 23,MAY-JUN_2025,Sin Supervisión,331.35
COMPAÑIA 23,JUL-AGO_2025,Sin Supervisión,331.35
COMPAÑIA 24,JUL-AGO_2025,Tope salarial,562.4
COMPAÑIA 24,ENE-FEB_2025,Sin Supervisión,331.48
COMPAÑIA 24,ENE-FEB_2025,Tope salarial,450.29
COMPAÑIA 24,JUL-AGO_2025,Sin Supervisión,354.68
COMPAÑIA 24,MAR-ABR_2025,Capacitación,120.0
COMPAÑIA 24,NOV-DIC_2024,Tope salarial,450.29
COMPAÑIA 24,MAY-JUN_2025,Capacitación,120.0
COMPAÑIA 24,JUL-AGO_2024,Tope salarial,450.29
COMPAÑIA 24,JUL-AGO_2024,Capacitación,120.0
COMPAÑIA 24,SEP-OCT_2024,Sin Supervisión,331.48
COMPAÑIA 24,JUL-AGO_2024,Sin Supervisión,331.48
COMPAÑIA 24,NOV-DIC_2024,Sin Supervisión,331.48
COMPAÑIA 24,SEP-OCT_2024,Capacitación,120.0
COMPAÑIA 24,SEP-OCT_2024,Tope salarial,450.29
COMPAÑIA 24,MAY-JUN_2025,Tope salarial,562.4
COMPAÑIA 24,MAR-ABR_2025,Tope salarial,450.29
COMPAÑIA 24,MAY-JUN_2025,Sin Supervisión,354.68
COMPAÑIA 24,NOV-DIC_2024,Capacitación,120.0
COMPAÑIA 24,MAR-ABR_2025,Sin Supervisión,331.48
COMPAÑIA 24,ENE-FEB_2025,Capacitación,120.0
COMPAÑIA 24,JUL-AGO_2025,Capacitación,120.0
COMPAÑIA 25,ENE-FEB_2025,Capacitación,120.0
COMPAÑIA 25,SEP-OCT_2024,Tope salarial,342.0
COMPAÑIA 25,MAR-ABR_2025,Sin Supervisión,316.0
COMPAÑIA 25,JUL-AGO_2024,Tope salarial,342.0
COMPAÑIA 25,JUL-AGO_2024,Capacitación,120.0
COMPAÑIA 25,NOV-DIC_2024,Capacitación,120.0
COMPAÑIA 25,MAR-ABR_2025,Capacitación,120.0
COMPAÑIA 25,MAY-JUN_2025,Tope salarial,359.0
COMPAÑIA 25,MAY-JUN_2025,Sin Supervisión,332.0
COMPAÑIA 25,ENE-FEB_2025,Sin Supervisión,316.0
COMPAÑIA 25,JUL-AGO_2025,Tope salarial,359.0
COMPAÑIA 25,SEP-OCT_2024,Capacitación,120.0
COMPAÑIA 25,JUL-AGO_2025,Sin Supervisión,332.0
COMPAÑIA 25,NOV-DIC_2024,Tope salarial,342.0
COMPAÑIA 25,JUL-AGO_2024,Sin Supervisión,316.0
COMPAÑIA 25,JUL-AGO_2025,Capacitación,120.0
COMPAÑIA 25,SEP-OCT_2024,Sin Supervisión,316.0
COMPAÑIA 25,MAR-ABR_2025,Tope salarial,342.0
COMPAÑIA 25,ENE-FEB_2025,Tope salarial,342.0
COMPAÑIA 25,NOV-DIC_2024,Sin Supervisión,316.0
COMPAÑIA 25,MAY-JUN_2025,Capacitación,120.0
COMPAÑIA 26,MAR-ABR_2025,Capacitación,15.0
COMPAÑIA 26,NOV-DIC_2024,Capacitación,15.0
COMPAÑIA 26,MAY-JUN_2025,Sin Supervisión,226.0
COMPAÑIA 26,SEP-OCT_2024,Sin Supervisión,226.0
COMPAÑIA 26,SEP-OCT_2024,Capacitación,15.0
COMPAÑIA 26,JUL-AGO_2025,Tope salarial,248.5
COMPAÑIA 26,NOV-DIC_2024,Sin Supervisión,226.0
COMPAÑIA 26,ENE-FEB_2025,Sin Supervisión,226.0
COMPAÑIA 26,ENE-FEB_2025,Tope salarial,248.5
COMPAÑIA 26,MAY-JUN_2025,Capacitación,15.0
COMPAÑIA 26,SEP-OCT_2024,Tope salarial,248.5
COMPAÑIA 26,JUL-AGO_2025,Sin Supervisión,226.0
COMPAÑIA 26,NOV-DIC_2024,Tope salarial,248.5
COMPAÑIA 26,MAR-ABR_2025,Sin Supervisión,226.0
COMPAÑIA 26,MAY-JUN_2025,Tope salarial,248.5
COMPAÑIA 26,JUL-AGO_2024,Capacitación,15.0
COMPAÑIA 26,JUL-AGO_2024,Tope salarial,248.5
COMPAÑIA 26,MAR-ABR_2025,Tope salarial,248.5
COMPAÑIA 26,ENE-FEB_2025,Capacitación,15.0
COMPAÑIA 26,JUL-AGO_2024,Sin Supervisión,226.0
COMPAÑIA 26,JUL-AGO_2025,Capacitación,15.0
COMPAÑIA 27,SEP-OCT_2024,Tope salarial,766.66
COMPAÑIA 27,ENE-FEB_2025,Sin Supervisión,633.33
COMPAÑIA 27,MAR-ABR_2025,Sin Supervisión,633.33
COMPAÑIA 27,MAY-JUN_2025,Tope salarial,766.66
COMPAÑIA 27,SEP-OCT_2024,Sin Supervisión,633.33
COMPAÑIA 27,NOV-DIC_2024,Sin Supervisión,633.33
COMPAÑIA 27,MAY-JUN_2025,Sin Supervisión,633.33
COMPAÑIA 27,MAR-ABR_2025,Tope salarial,766.66
COMPAÑIA 27,JUL-AGO_2024,Sin Supervisión,633.33
COMPAÑIA 27,JUL-AGO_2024,Tope salarial,766.66
COMPAÑIA 27,JUL-AGO_2025,Tope salarial,766.66
COMPAÑIA 27,ENE-FEB_2025,Tope salarial,766.66
COMPAÑIA 27,JUL-AGO_2025,Sin Supervisión,633.33
COMPAÑIA 27,NOV-DIC_2024,Tope salarial,766.66
COMPAÑIA 28,JUL-AGO_2024,Sin Supervisión,350.0
COMPAÑIA 28,JUL-AGO_2024,Tope salarial,444.0
COMPAÑIA 28,JUL-AGO_2025,Sin Supervisión,378.0
COMPAÑIA 28,MAY-JUN_2025,Tope salarial,455.0
COMPAÑIA 28,NOV-DIC_2024,Capacitación,49.0
COMPAÑIA 28,SEP-OCT_2024,Tope salarial,444.0
COMPAÑIA 28,ENE-FEB_2025,Tope salarial,444.0
COMPAÑIA 28,JUL-AGO_2024,Capacitación,49.0
COMPAÑIA 28,JUL-AGO_2025,Tope salarial,455.0
COMPAÑIA 28,SEP-OCT_2024,Capacitación,49.0
COMPAÑIA 28,MAY-JUN_2025,Sin Supervisión,378.0
COMPAÑIA 28,ENE-FEB_2025,Capacitación,49.0
COMPAÑIA 28,JUL-AGO_2025,Capacitación,49.0
COMPAÑIA 28,MAR-ABR_2025,Sin Supervisión,350.0
COMPAÑIA 28,SEP-OCT_2024,Sin Supervisión,350.0
COMPAÑIA 28,MAY-JUN_2025,Capacitación,49.0
COMPAÑIA 28,MAR-ABR_2025,Capacitación,49.0
COMPAÑIA 28,NOV-DIC_2024,Tope salarial,444.0
COMPAÑIA 28,NOV-DIC_2024,Sin Supervisión,350.0
COMPAÑIA 28,MAR-ABR_2025,Tope salarial,444.0
COMPAÑIA 28,ENE-FEB_2025,Sin Supervisión,350.0
COMPAÑIA 29,NOV-DIC_2024,Tope salarial,330.82
COMPAÑIA 29,MAR-ABR_2025,Sin Supervisión,290.25
COMPAÑIA 29,JUL-AGO_2024,Capacitación,94.0
COMPAÑIA 29,SEP-OCT_2024,Tope salarial,330.82
COMPAÑIA 29,ENE-FEB_2025,Sin Supervisión,290.25
COMPAÑIA 29,MAR-ABR_2025,Tope salarial,330.82
COMPAÑIA 29,JUL-AGO_2025,Sin Supervisión,310.57
COMPAÑIA 29,SEP-OCT_2024,Capacitación,94.0
COMPAÑIA 29,ENE-FEB_2025,Capacitación,94.0
COMPAÑIA 29,NOV-DIC_2024,Capacitación,94.0
COMPAÑIA 29,MAY-JUN_2025,Sin Supervisión,310.57
COMPAÑIA 29,MAY-JUN_2025,Capacitación,94.0
COMPAÑIA 29,JUL-AGO_2025,Capacitación,94.0
COMPAÑIA 29,ENE-FEB_2025,Tope salarial,330.82
COMPAÑIA 29,SEP-OCT_2024,Sin Supervisión,290.25
COMPAÑIA 29,MAR-ABR_2025,Capacitación,94.0
COMPAÑIA 29,MAY-JUN_2025,Tope salarial,350.69
COMPAÑIA 29,JUL-AGO_2024,Tope salarial,330.82
COMPAÑIA 29,JUL-AGO_2025,Tope salarial,350.69
COMPAÑIA 29,NOV-DIC_2024,Sin Supervisión,290.25
COMPAÑIA 29,JUL-AGO_2024,Sin Supervisión,290.25
COMPAÑIA 3,SEP-OCT_2024,Tope salarial,370.0
COMPAÑIA 3,JUL-AGO_2025,Capacitación,12.0
COMPAÑIA 3,JUL-AGO_2025,Sin Supervisión,370.0
COMPAÑIA 3,JUL-AGO_2024,Sin Supervisión,300.0
COMPAÑIA 3,MAR-ABR_2025,Tope salarial,396.0
COMPAÑIA 3,MAY-JUN_2025,Sin Supervisión,370.0
COMPAÑIA 3,NOV-DIC_2024,Sin Supervisión,340.0
COMPAÑIA 3,NOV-DIC_2024,Tope salarial,396.0
COMPAÑIA 3,JUL-AGO_2024,Capacitación,13.0
COMPAÑIA 3,JUL-AGO_2025,Tope salarial,396.0
COMPAÑIA 3,ENE-FEB_2025,Tope salarial,396.0
COMPAÑIA 3,SEP-OCT_2024,Capacitación,13.0
COMPAÑIA 3,MAR-ABR_2025,Sin Supervisión,340.0
COMPAÑIA 3,NOV-DIC_2024,Capacitación,12.0
COMPAÑIA 3,JUL-AGO_2024,Tope salarial,370.0
COMPAÑIA 3,SEP-OCT_2024,Sin Supervisión,300.0
COMPAÑIA 3,MAR-ABR_2025,Capacitación,12.0
COMPAÑIA 3,MAY-JUN_2025,Tope salarial,396.0
COMPAÑIA 3,MAY-JUN_2025,Capacitación,12.0
COMPAÑIA 3,ENE-FEB_2025,Capacitación,12.0
COMPAÑIA 3,ENE-FEB_2025,Sin Supervisión,340.0
COMPAÑIA 30,NOV-DIC_2024,Tope salarial,320.76
COMPAÑIA 30,JUL-AGO_2025,Tope salarial,320.76
COMPAÑIA 30,MAR-ABR_2025,Capacitación,22.0
COMPAÑIA 30,MAR-ABR_2025,Tope salarial,320.76
COMPAÑIA 30,JUL-AGO_2025,Sin Supervisión,304.0
COMPAÑIA 30,NOV-DIC_2024,Sin Supervisión,304.0
COMPAÑIA 30,SEP-OCT_2024,Capacitación,22.0
COMPAÑIA 30,JUL-AGO_2024,Capacitación,22.0
COMPAÑIA 30,JUL-AGO_2024,Sin Supervisión,260.0
COMPAÑIA 30,ENE-FEB_2025,Tope salarial,320.76
COMPAÑIA 30,MAY-JUN_2025,Sin Supervisión,304.0
COMPAÑIA 30,JUL-AGO_2024,Tope salarial,280.0
COMPAÑIA 30,ENE-FEB_2025,Capacitación,22.0
COMPAÑIA 30,SEP-OCT_2024,Tope salarial,280.0
COMPAÑIA 30,SEP-OCT_2024,Sin Supervisión,260.0
COMPAÑIA 30,JUL-AGO_2025,Capacitación,22.0
COMPAÑIA 30,MAY-JUN_2025,Capacitación,22.0
COMPAÑIA 30,NOV-DIC_2024,Capacitación,22.0
COMPAÑIA 30,MAY-JUN_2025,Tope salarial,320.76
COMPAÑIA 30,ENE-FEB_2025,Sin Supervisión,304.0
COMPAÑIA 30,MAR-ABR_2025,Sin Supervisión,304.0
COMPAÑIA 31,JUL-AGO_2025,Sin Supervisión,346.0
COMPAÑIA 31,SEP-OCT_2024,Tope salarial,372.0
COMPAÑIA 31,ENE-FEB_2025,Tope salarial,372.0
COMPAÑIA 31,NOV-DIC_2024,Tope salarial,372.0
COMPAÑIA 31,JUL-AGO_2024,Tope salarial,372.0
COMPAÑIA 31,SEP-OCT_2024,Sin Supervisión,325.0
COMPAÑIA 31,ENE-FEB_2025,Sin Supervisión,325.0
COMPAÑIA 31,MAY-JUN_2025,Tope salarial,396.0
COMPAÑIA 31,JUL-AGO_2025,Capacitación,39.0
COMPAÑIA 31,NOV-DIC_2024,Capacitación,39.0
COMPAÑIA 31,SEP-OCT_2024,Capacitación,39.0
COMPAÑIA 31,JUL-AGO_2024,Sin Supervisión,325.0
COMPAÑIA 31,MAR-ABR_2025,Tope salarial,372.0
COMPAÑIA 31,JUL-AGO_2025,Tope salarial,396.0
COMPAÑIA 31,MAY-JUN_2025,Sin Supervisión,346.0
COMPAÑIA 31,MAR-ABR_2025,Sin Supervisión,325.0
COMPAÑIA 31,MAY-JUN_2025,Capacitación,39.0
COMPAÑIA 31,MAR-ABR_2025,Capacitación,39.0
COMPAÑIA 31,ENE-FEB_2025,Capacitación,39.0
COMPAÑIA 31,NOV-DIC_2024,Sin Supervisión,325.0
COMPAÑIA 31,JUL-AGO_2024,Capacitación,39.0
COMPAÑIA 32,ENE-FEB_2025,Sin Supervisión,321.73
COMPAÑIA 32,JUL-AGO_2025,Capacitación,2.0
COMPAÑIA 32,JUL-AGO_2024,Tope salarial,355.29
COMPAÑIA 32,MAR-ABR_2025,Sin Supervisión,344.26
COMPAÑIA 32,NOV-DIC_2024,Sin Supervisión,321.73
COMPAÑIA 32,JUL-AGO_2024,Sin Supervisión,321.73
COMPAÑIA 32,ENE-FEB_2025,Capacitación,1.0
COMPAÑIA 32,JUL-AGO_2025,Tope salarial,380.16
COMPAÑIA 32,JUL-AGO_2025,Sin Supervisión,344.26
COMPAÑIA 32,SEP-OCT_2024,Sin Supervisión,321.73
COMPAÑIA 32,MAR-ABR_2025,Tope salarial,380.16
COMPAÑIA 32,MAY-JUN_2025,Sin Supervisión,344.26
COMPAÑIA 32,SEP-OCT_2024,Tope salarial,355.29
COMPAÑIA 32,JUL-AGO_2024,Capacitación,1.0
COMPAÑIA 32,NOV-DIC_2024,Capacitación,1.0
COMPAÑIA 32,SEP-OCT_2024,Capacitación,1.0
COMPAÑIA 32,MAY-JUN_2025,Capacitación,2.0
COMPAÑIA 32,MAY-JUN_2025,Tope salarial,380.16
COMPAÑIA 32,NOV-DIC_2024,Tope salarial,355.29
COMPAÑIA 32,MAR-ABR_2025,Capacitación,2.0
COMPAÑIA 32,ENE-FEB_2025,Tope salarial,355.29
COMPAÑIA 33,NOV-DIC_2024,Tope salarial,378.64
COMPAÑIA 33,SEP-OCT_2024,Sin Supervisión,346.73
COMPAÑIA 33,SEP-OCT_2024,Capacitación,10.0
COMPAÑIA 33,SEP-OCT_2024,Tope salarial,378.64
COMPAÑIA 33,MAY-JUN_2025,Sin Supervisión,346.73
COMPAÑIA 33,JUL-AGO_2025,Tope salarial,378.64
COMPAÑIA 33,JUL-AGO_2025,Capacitación,10.0
COMPAÑIA 33,ENE-FEB_2025,Capacitación,10.0
COMPAÑIA 33,MAR-ABR_2025,Capacitación,10.0
COMPAÑIA 33,MAR-ABR_2025,Sin Supervisión,346.73
COMPAÑIA 33,MAR-ABR_2025,Tope salarial,378.64
COMPAÑIA 33,JUL-AGO_2024,Capacitación,10.0
COMPAÑIA 33,ENE-FEB_2025,Sin Supervisión,346.73
COMPAÑIA 33,MAY-JUN_2025,Tope salarial,378.64
COMPAÑIA 33,JUL-AGO_2025,Sin Supervisión,346.73
COMPAÑIA 33,NOV-DIC_2024,Capacitación,10.0
COMPAÑIA 33,JUL-AGO_2024,Tope salarial,378.64
COMPAÑIA 33,JUL-AGO_2024,Sin Supervisión,346.73
COMPAÑIA 33,MAY-JUN_2025,Capacitación,10.0
COMPAÑIA 33,NOV-DIC_2024,Sin Supervisión,346.73
COMPAÑIA 33,ENE-FEB_2025,Tope salarial,378.64
COMPAÑIA 34,NOV-DIC_2024,Tope salarial,361.36
COMPAÑIA 34,SEP-OCT_2024,Tope salarial,361.36
COMPAÑIA 34,ENE-FEB_2025,Tope salarial,361.36
COMPAÑIA 34,MAY-JUN_2025,Tope salarial,410.0
COMPAÑIA 34,MAR-ABR_2025,Tope salarial,361.36
COMPAÑIA 34,JUL-AGO_2025,Tope salarial,410.0
COMPAÑIA 34,JUL-AGO_2024,Tope salarial,361.36
COMPAÑIA 34,ENE-FEB_2025,Sin Supervisión,309.0
COMPAÑIA 34,MAY-JUN_2025,Capacitación,10.0
COMPAÑIA 34,JUL-AGO_2025,Capacitación,10.0
COMPAÑIA 34,MAY-JUN_2025,Sin Supervisión,335.0
COMPAÑIA 34,SEP-OCT_2024,Capacitación,10.0
COMPAÑIA 34,JUL-AGO_2025,Sin Supervisión,335.0
COMPAÑIA 34,MAR-ABR_2025,Capacitación,10.0
COMPAÑIA 34,NOV-DIC_2024,Sin Supervisión,309.0
COMPAÑIA 34,MAR-ABR_2025,Sin Supervisión,309.0
COMPAÑIA 34,ENE-FEB_2025,Capacitación,10.0
COMPAÑIA 34,SEP-OCT_2024,Sin Supervisión,264.15
COMPAÑIA 34,JUL-AGO_2024,Sin Supervisión,264.15
COMPAÑIA 34,JUL-AGO_2024,Capacitación,10.0
COMPAÑIA 34,NOV-DIC_2024,Capacitación,10.0
COMPAÑIA 35,MAR-ABR_2025,Tope salarial,278.78
COMPAÑIA 35,SEP-OCT_2024,Tope salarial,261.2
COMPAÑIA 35,JUL-AGO_2024,Capacitación,10.0
COMPAÑIA 35,NOV-DIC_2024,Capacitación,10.0
COMPAÑIA 35,MAY-JUN_2025,Capacitación,10.0
COMPAÑIA 35,MAR-ABR_2025,Sin Supervisión,278.78
COMPAÑIA 35,ENE-FEB_2025,Sin Supervisión,278.78
COMPAÑIA 35,JUL-AGO_2025,Capacitación,10.0
COMPAÑIA 35,SEP-OCT_2024,Capacitación,10.0
COMPAÑIA 35,NOV-DIC_2024,Sin Supervisión,278.78
COMPAÑIA 35,NOV-DIC_2024,Tope salarial,278.78
COMPAÑIA 35,ENE-FEB_2025,Tope salarial,278.78
COMPAÑIA 35,SEP-OCT_2024,Sin Supervisión,261.2
COMPAÑIA 35,JUL-AGO_2024,Sin Supervisión,261.2
COMPAÑIA 35,MAY-JUN_2025,Tope salarial,278.78
COMPAÑIA 35,MAY-JUN_2025,Sin Supervisión,278.78
COMPAÑIA 35,ENE-FEB_2025,Capacitación,10.0
COMPAÑIA 35,MAR-ABR_2025,Capacitación,10.0
COMPAÑIA 35,JUL-AGO_2024,Tope salarial,261.2
COMPAÑIA 35,JUL-AGO_2025,Sin Supervisión,278.78
COMPAÑIA 35,JUL-AGO_2025,Tope salarial,278.78
COMPAÑIA 36,ENE-FEB_2025,Sin Supervisión,323.61
COMPAÑIA 36,JUL-AGO_2025,Capacitación,22.0
COMPAÑIA 36,MAY-JUN_2025,Tope salarial,400.59
COMPAÑIA 36,ENE-FEB_2025,Tope salarial,374.38
COMPAÑIA 36,MAY-JUN_2025,Capacitación,22.0
COMPAÑIA 36,JUL-AGO_2025,Tope salarial,400.59
COMPAÑIA 36,ENE-FEB_2025,Capacitación,22.0
COMPAÑIA 36,SEP-OCT_2024,Tope salarial,374.38
COMPAÑIA 36,NOV-DIC_2024,Sin Supervisión,323.61
COMPAÑIA 36,JUL-AGO_2024,Capacitación,22.0
COMPAÑIA 36,MAR-ABR_2025,Capacitación,22.0
COMPAÑIA 36,MAR-ABR_2025,Sin Supervisión,323.61
COMPAÑIA 36,JUL-AGO_2024,Tope salarial,374.38
COMPAÑIA 36,JUL-AGO_2025,Sin Supervisión,346.26
COMPAÑIA 36,NOV-DIC_2024,Tope salarial,374.38
COMPAÑIA 36,JUL-AGO_2024,Sin Supervisión,323.61
COMPAÑIA 36,SEP-OCT_2024,Capacitación,22.0
COMPAÑIA 36,MAR-ABR_2025,Tope salarial,374.38
COMPAÑIA 36,MAY-JUN_2025,Sin Supervisión,346.26
COMPAÑIA 36,NOV-DIC_2024,Capacitación,22.0
COMPAÑIA 36,SEP-OCT_2024,Sin Supervisión,323.61
COMPAÑIA 37,ENE-FEB_2025,Tope salarial,455.5
COMPAÑIA 37,JUL-AGO_2025,Tope salarial,479.0
COMPAÑIA 37,MAY-JUN_2025,Sin Supervisión,400.0
COMPAÑIA 37,SEP-OCT_2024,Sin Supervisión,326.16
COMPAÑIA 37,NOV-DIC_2024,Tope salarial,455.5
COMPAÑIA 37,MAR-ABR_2025,Tope salarial,455.5
COMPAÑIA 37,JUL-AGO_2024,Tope salarial,455.5
COMPAÑIA 37,ENE-FEB_2025,Sin Supervisión,326.16
COMPAÑIA 37,MAY-JUN_2025,Tope salarial,479.0
COMPAÑIA 37,JUL-AGO_2024,Sin Supervisión,326.16
COMPAÑIA 37,NOV-DIC_2024,Sin Supervisión,326.16
COMPAÑIA 37,SEP-OCT_2024,Tope salarial,455.5
COMPAÑIA 37,JUL-AGO_2025,Sin Supervisión,400.0
COMPAÑIA 37,MAR-ABR_2025,Sin Supervisión,326.16
COMPAÑIA 38,MAY-JUN_2025,Tope salarial,349.0
COMPAÑIA 38,JUL-AGO_2025,Capacitación,22.0
COMPAÑIA 38,SEP-OCT_2024,Capacitación,22.0
COMPAÑIA 38,NOV-DIC_2024,Sin Supervisión,329.0
COMPAÑIA 38,JUL-AGO_2025,Sin Supervisión,349.0
COMPAÑIA 38,MAR-ABR_2025,Tope salarial,349.0
COMPAÑIA 38,MAY-JUN_2025,Capacitación,22.0
COMPAÑIA 38,ENE-FEB_2025,Sin Supervisión,349.0
COMPAÑIA 38,MAY-JUN_2025,Sin Supervisión,349.0
COMPAÑIA 38,JUL-AGO_2025,Tope salarial,349.0
COMPAÑIA 38,MAR-ABR_2025,Capacitación,22.0
COMPAÑIA 38,ENE-FEB_2025,Capacitación,22.0
COMPAÑIA 38,NOV-DIC_2024,Capacitación,22.0
COMPAÑIA 38,MAR-ABR_2025,Sin Supervisión,349.0
COMPAÑIA 38,SEP-OCT_2024,Tope salarial,329.0
COMPAÑIA 38,JUL-AGO_2024,Capacitación,22.0
COMPAÑIA 38,JUL-AGO_2024,Sin Supervisión,329.0
COMPAÑIA 38,JUL-AGO_2024,Tope salarial,329.0
COMPAÑIA 38,ENE-FEB_2025,Tope salarial,349.0
COMPAÑIA 38,SEP-OCT_2024,Sin Supervisión,329.0
COMPAÑIA 38,NOV-DIC_2024,Tope salarial,329.0
COMPAÑIA 39,ENE-FEB_2025,Tope salarial,363.25
COMPAÑIA 39,MAY-JUN_2025,Tope salarial,363.25
COMPAÑIA 39,SEP-OCT_2024,Sin Supervisión,301.05
COMPAÑIA 39,ENE-FEB_2025,Capacitación,11.0
COMPAÑIA 39,NOV-DIC_2024,Tope salarial,340.12
COMPAÑIA 39,JUL-AGO_2025,Sin Supervisión,322.12
COMPAÑIA 39,JUL-AGO_2025,Tope salarial,363.25
COMPAÑIA 39,NOV-DIC_2024,Sin Supervisión,301.05
COMPAÑIA 39,MAY-JUN_2025,Sin Supervisión,322.12
COMPAÑIA 39,MAR-ABR_2025,Capacitación,11.0
COMPAÑIA 39,NOV-DIC_2024,Capacitación,9.0
COMPAÑIA 39,MAR-ABR_2025,Sin Supervisión,322.12
COMPAÑIA 39,SEP-OCT_2024,Tope salarial,340.12
COMPAÑIA 39,SEP-OCT_2024,Capacitación,9.0
COMPAÑIA 39,JUL-AGO_2024,Capacitación,9.0
COMPAÑIA 39,JUL-AGO_2024,Tope salarial,340.12
COMPAÑIA 39,ENE-FEB_2025,Sin Supervisión,322.12
COMPAÑIA 39,MAR-ABR_2025,Tope salarial,363.25
COMPAÑIA 39,JUL-AGO_2025,Capacitación,11.0
COMPAÑIA 39,MAY-JUN_2025,Capacitación,11.0
COMPAÑIA 39,JUL-AGO_2024,Sin Supervisión,301.05
COMPAÑIA 4,JUL-AGO_2024,Sin Supervisión,248.93
COMPAÑIA 4,JUL-AGO_2025,Tope salarial,313.75
COMPAÑIA 4,JUL-AGO_2025,Capacitación,1.0
COMPAÑIA 4,ENE-FEB_2025,Capacitación,1.0
COMPAÑIA 4,MAR-ABR_2025,Capacitación,1.0
COMPAÑIA 4,MAY-JUN_2025,Tope salarial,313.75
COMPAÑIA 4,MAY-JUN_2025,Capacitación,1.0
COMPAÑIA 4,MAR-ABR_2025,Tope salarial,248.93
COMPAÑIA 4,NOV-DIC_2024,Sin Supervisión,248.93
COMPAÑIA 4,SEP-OCT_2024,Sin Supervisión,248.93
COMPAÑIA 4,ENE-FEB_2025,Sin Supervisión,248.93
COMPAÑIA 4,MAR-ABR_2025,Sin Supervisión,248.93
COMPAÑIA 4,ENE-FEB_2025,Tope salarial,248.93
COMPAÑIA 4,SEP-OCT_2024,Capacitación,1.0
COMPAÑIA 4,NOV-DIC_2024,Tope salarial,248.93
COMPAÑIA 4,MAY-JUN_2025,Sin Supervisión,278.8
COMPAÑIA 4,NOV-DIC_2024,Capacitación,1.0
COMPAÑIA 4,JUL-AGO_2024,Tope salarial,248.93
COMPAÑIA 4,JUL-AGO_2024,Capacitación,1.0
COMPAÑIA 4,SEP-OCT_2024,Tope salarial,248.93
COMPAÑIA 4,JUL-AGO_2025,Sin Supervisión,278.8
COMPAÑIA 40,MAY-JUN_2025,Sin Supervisión,398.0
COMPAÑIA 40,NOV-DIC_2024,Bajo Supervisión,100.0
COMPAÑIA 40,SEP-OCT_2024,Bajo Supervisión,100.0
COMPAÑIA 40,JUL-AGO_2024,Bajo Supervisión,100.0
COMPAÑIA 40,ENE-FEB_2025,Sin Supervisión,373.0
COMPAÑIA 40,JUL-AGO_2024,Sin Supervisión,373.0
COMPAÑIA 40,JUL-AGO_2024,Tope salarial,393.0
COMPAÑIA 40,ENE-FEB_2025,Bajo Supervisión,100.0
COMPAÑIA 40,SEP-OCT_2024,Tope salarial,393.0
COMPAÑIA 40,MAR-ABR_2025,Sin Supervisión,373.0
COMPAÑIA 40,MAR-ABR_2025,Tope salarial,393.0
COMPAÑIA 40,JUL-AGO_2025,Sin Supervisión,398.0
COMPAÑIA 40,NOV-DIC_2024,Sin Supervisión,373.0
COMPAÑIA 40,JUL-AGO_2025,Tope salarial,419.0
COMPAÑIA 40,NOV-DIC_2024,Tope salarial,393.0
COMPAÑIA 40,MAY-JUN_2025,Tope salarial,419.0
COMPAÑIA 40,SEP-OCT_2024,Sin Supervisión,373.0
COMPAÑIA 40,ENE-FEB_2025,Tope salarial,393.0
COMPAÑIA 40,MAY-JUN_2025,Bajo Supervisión,100.0
COMPAÑIA 40,JUL-AGO_2025,Bajo Supervisión,100.0
COMPAÑIA 40,MAR-ABR_2025,Bajo Supervisión,100.0
COMPAÑIA 5,JUL-AGO_2025,Tope salarial,318.0
COMPAÑIA 5,SEP-OCT_2024,Tope salarial,295.66
COMPAÑIA 5,ENE-FEB_2025,Capacitación,11.0
COMPAÑIA 5,JUL-AGO_2024,Sin Supervisión,275.0
COMPAÑIA 5,MAR-ABR_2025,Capacitación,11.0
COMPAÑIA 5,MAY-JUN_2025,Tope salarial,318.0
COMPAÑIA 5,JUL-AGO_2024,Capacitación,11.0
COMPAÑIA 5,SEP-OCT_2024,Sin Supervisión,275.0
COMPAÑIA 5,JUL-AGO_2025,Sin Supervisión,299.0
COMPAÑIA 5,JUL-AGO_2024,Tope salarial,295.66
COMPAÑIA 5,MAY-JUN_2025,Capacitación,11.0
COMPAÑIA 5,NOV-DIC_2024,Capacitación,11.0
COMPAÑIA 5,MAY-JUN_2025,Sin Supervisión,299.0
COMPAÑIA 5,MAR-ABR_2025,Sin Supervisión,278.8
COMPAÑIA 5,NOV-DIC_2024,Tope salarial,295.66
COMPAÑIA 5,MAR-ABR_2025,Tope salarial,295.66
COMPAÑIA 5,NOV-DIC_2024,Sin Supervisión,278.8
COMPAÑIA 5,JUL-AGO_2025,Capacitación,11.0
COMPAÑIA 5,SEP-OCT_2024,Capacitación,11.0
COMPAÑIA 5,ENE-FEB_2025,Tope salarial,295.66
COMPAÑIA 5,ENE-FEB_2025,Sin Supervisión,278.8
COMPAÑIA 6,SEP-OCT_2024,Tope salarial,334.24
COMPAÑIA 6,ENE-FEB_2025,Sin Supervisión,320.8
COMPAÑIA 6,JUL-AGO_2025,Tope salarial,379.03
COMPAÑIA 6,MAR-ABR_2025,Sin Supervisión,320.8
COMPAÑIA 6,MAR-ABR_2025,Capacitación,3.0
COMPAÑIA 6,MAR-ABR_2025,Tope salarial,350.96
COMPAÑIA 6,JUL-AGO_2024,Tope salarial,334.24
COMPAÑIA 6,SEP-OCT_2024,Sin Supervisión,305.52
COMPAÑIA 6,ENE-FEB_2025,Capacitación,3.0
COMPAÑIA 6,SEP-OCT_2024,Capacitación,3.0
COMPAÑIA 6,JUL-AGO_2024,Capacitación,3.0
COMPAÑIA 6,JUL-AGO_2025,Sin Supervisión,346.46
COMPAÑIA 6,NOV-DIC_2024,Capacitación,3.0
COMPAÑIA 6,MAY-JUN_2025,Sin Supervisión,346.46
COMPAÑIA 6,NOV-DIC_2024,Sin Supervisión,320.8
COMPAÑIA 6,NOV-DIC_2024,Tope salarial,350.96
COMPAÑIA 6,MAY-JUN_2025,Capacitación,3.0
COMPAÑIA 6,JUL-AGO_2024,Sin Supervisión,305.52
COMPAÑIA 6,ENE-FEB_2025,Tope salarial,350.96
COMPAÑIA 6,MAY-JUN_2025,Tope salarial,379.03
COMPAÑIA 6,JUL-AGO_2025,Capacitación,3.0
COMPAÑIA 7,JUL-AGO_2025,Tope salarial,438.81
COMPAÑIA 7,SEP-OCT_2024,Capacitación,27.0
COMPAÑIA 7,NOV-DIC_2024,Capacitación,27.0
COMPAÑIA 7,JUL-AGO_2024,Capacitación,27.0
COMPAÑIA 7,ENE-FEB_2025,Capacitación,27.0
COMPAÑIA 7,JUL-AGO_2024,Sin Supervisión,242.6
COMPAÑIA 7,ENE-FEB_2025,Tope salarial,346.5
COMPAÑIA 7,JUL-AGO_2024,Tope salarial,291.3
COMPAÑIA 7,NOV-DIC_2024,Sin Supervisión,299.6
COMPAÑIA 7,JUL-AGO_2025,Sin Supervisión,370.76
COMPAÑIA 7,SEP-OCT_2024,Tope salarial,291.3
COMPAÑIA 7,SEP-OCT_2024,Sin Supervisión,242.6
COMPAÑIA 7,MAY-JUN_2025,Tope salarial,438.81
COMPAÑIA 7,MAY-JUN_2025,Capacitación,27.0
COMPAÑIA 7,MAR-ABR_2025,Tope salarial,346.5
COMPAÑIA 7,ENE-FEB_2025,Sin Supervisión,299.6
COMPAÑIA 7,JUL-AGO_2025,Capacitación,27.0
COMPAÑIA 7,MAY-JUN_2025,Sin Supervisión,370.76
COMPAÑIA 7,MAR-ABR_2025,Capacitación,27.0
COMPAÑIA 7,MAR-ABR_2025,Sin Supervisión,299.6
COMPAÑIA 7,NOV-DIC_2024,Tope salarial,346.5
COMPAÑIA 8,NOV-DIC_2024,Sin Supervisión,283.0
COMPAÑIA 8,ENE-FEB_2025,Sin Supervisión,283.0
COMPAÑIA 8,MAR-ABR_2025,Sin Supervisión,283.0
COMPAÑIA 8,NOV-DIC_2024,Tope salarial,326.0
COMPAÑIA 8,MAY-JUN_2025,Sin Supervisión,283.0
COMPAÑIA 8,JUL-AGO_2024,Capacitación,480.0
COMPAÑIA 8,SEP-OCT_2024,Tope salarial,326.0
COMPAÑIA 8,JUL-AGO_2025,Sin Supervisión,283.0
COMPAÑIA 8,SEP-OCT_2024,Capacitación,480.0
COMPAÑIA 8,ENE-FEB_2025,Tope salarial,326.0
COMPAÑIA 8,JUL-AGO_2024,Tope salarial,326.0
COMPAÑIA 8,JUL-AGO_2025,Capacitación,480.0
COMPAÑIA 8,JUL-AGO_2025,Tope salarial,326.0
COMPAÑIA 8,ENE-FEB_2025,Capacitación,480.0
COMPAÑIA 8,SEP-OCT_2024,Sin Supervisión,283.0
COMPAÑIA 8,MAR-ABR_2025,Capacitación,480.0
COMPAÑIA 8,JUL-AGO_2024,Sin Supervisión,283.0
COMPAÑIA 8,NOV-DIC_2024,Capacitación,480.0
COMPAÑIA 8,MAY-JUN_2025,Capacitación,480.0
COMPAÑIA 8,MAR-ABR_2025,Tope salarial,326.0
COMPAÑIA 8,MAY-JUN_2025,Tope salarial,326.0
COMPAÑIA 9,JUL-AGO_2024,Capacitación,26.0
COMPAÑIA 9,MAY-JUN_2025,Sin Supervisión,390.0
COMPAÑIA 9,ENE-FEB_2025,Tope salarial,459.0
COMPAÑIA 9,MAY-JUN_2025,Tope salarial,489.0
COMPAÑIA 9,MAY-JUN_2025,Capacitación,26.0
COMPAÑIA 9,JUL-AGO_2025,Sin Supervisión,390.0
COMPAÑIA 9,SEP-OCT_2024,Tope salarial,294.0
COMPAÑIA 9,MAR-ABR_2025,Capacitación,26.0
COMPAÑIA 9,JUL-AGO_2025,Capacitación,26.0
COMPAÑIA 9,JUL-AGO_2025,Tope salarial,489.0
COMPAÑIA 9,MAR-ABR_2025,Tope salarial,459.0
COMPAÑIA 9,JUL-AGO_2024,Tope salarial,294.0
COMPAÑIA 9,NOV-DIC_2024,Tope salarial,459.0
COMPAÑIA 9,ENE-FEB_2025,Sin Supervisión,367.0
COMPAÑIA 9,NOV-DIC_2024,Capacitación,26.0
COMPAÑIA 9,SEP-OCT_2024,Capacitación,26.0
COMPAÑIA 9,NOV-DIC_2024,Sin Supervisión,367.0
COMPAÑIA 9,JUL-AGO_2024,Sin Supervisión,235.0
COMPAÑIA 9,SEP-OCT_2024,Sin Supervisión,235.0
COMPAÑIA 9,MAR-ABR_2025,Sin Supervisión,367.0
COMPAÑIA 9,ENE-FEB_2025,Capacitación,26.0
